NAME,total_population,median_age,median_household_income,population_below_poverty,median_home_value,rent_burden_50pct_plus,no_schooling,associates_degree,bachelors_degree,masters_degree,professional_degree,unemployed_population,single_parent_households,moved_past_year,state,zip_code,year,poverty_rate,pct_bachelors_plus,unemployment_rate,mobility_rate
ZCTA5 40202,6429,34.4,16466,1889,290600,462,21,178,623,193,139,299,359,3434,21,40202,2012,29.38,14.85,4.65,53.41
ZCTA5 40203,19270,33.3,16036,9733,80700,1694,178,715,860,358,150,1941,2479,14874,21,40203,2012,50.51,7.1,10.07,77.19
ZCTA5 40204,14480,38.3,46012,2078,162500,628,38,492,2716,1639,293,716,569,11194,21,40204,2012,14.35,32.1,4.94,77.31
ZCTA5 40205,23483,42.4,66624,1742,235400,591,60,953,5375,2847,710,542,857,19804,21,40205,2012,7.42,38.04,2.31,84.33
ZCTA5 40206,18474,39.5,43817,2642,171000,885,69,855,3740,1962,469,750,834,14804,21,40206,2012,14.3,33.4,4.06,80.13
ZCTA5 40207,28989,41.6,67507,2524,246600,790,44,911,7300,3060,398,938,1091,24547,21,40207,2012,8.71,37.11,3.24,84.68
ZCTA5 40208,13727,26.3,25533,4502,87700,1293,60,370,858,480,213,839,950,10160,21,40208,2012,32.8,11.3,6.11,74.01
ZCTA5 40209,683,37.1,37009,316,77200,51,25,5,35,12,0,46,35,360,21,40209,2012,46.27,6.88,6.73,52.71
ZCTA5 40210,16230,29.8,19742,7314,70700,1124,225,646,584,190,0,1566,2296,12932,21,40210,2012,45.06,4.77,9.65,79.68
ZCTA5 40211,22770,34.8,22461,8552,75000,1964,144,795,968,312,37,2157,3444,19601,21,40211,2012,37.56,5.78,9.47,86.08
ZCTA5 40212,18628,34.6,26843,6357,68700,1341,268,818,441,265,0,1702,2615,14669,21,40212,2012,34.13,3.79,9.14,78.75
ZCTA5 40213,16008,36.6,38051,3715,113700,889,165,723,1175,502,47,1145,1245,13010,21,40213,2012,23.21,10.77,7.15,81.27
ZCTA5 40214,44880,38.7,40207,7949,120300,1913,628,1789,3261,1305,123,2874,2679,38576,21,40214,2012,17.71,10.45,6.4,85.95
ZCTA5 40215,23450,32.1,26628,8194,78200,1769,304,749,791,277,31,2617,2545,19642,21,40215,2012,34.94,4.69,11.16,83.76
ZCTA5 40216,40697,39.4,39445,7080,112500,1510,397,2109,1947,1045,40,2719,3360,35767,21,40216,2012,17.4,7.45,6.68,87.89
ZCTA5 40217,12102,39.4,39846,2282,123800,478,74,524,1632,1025,49,685,749,10077,21,40217,2012,18.86,22.36,5.66,83.27
ZCTA5 40218,29441,35.8,34257,6267,124500,1805,128,1414,3065,1555,41,1587,2205,24498,21,40218,2012,21.29,15.83,5.39,83.21
ZCTA5 40219,38383,35.4,39699,7507,122300,1482,456,1991,2326,598,139,2313,2731,32252,21,40219,2012,19.56,7.98,6.03,84.03
ZCTA5 40220,32610,41.0,51523,2638,162200,731,105,1906,5163,2516,301,1057,1749,28023,21,40220,2012,8.09,24.47,3.24,85.93
ZCTA5 40222,21922,42.7,60125,1300,223000,477,51,713,4857,2271,322,568,738,18058,21,40222,2012,5.93,33.98,2.59,82.37
ZCTA5 40223,21500,42.0,71727,1218,241000,275,30,1025,4521,2314,246,736,622,17723,21,40223,2012,5.67,32.93,3.42,82.43
ZCTA5 40228,15897,38.1,57338,1329,149900,206,98,984,1859,790,28,538,739,14757,21,40228,2012,8.36,16.84,3.38,92.83
ZCTA5 40229,36630,33.5,51841,4256,123300,676,189,1904,2040,959,11,2017,1930,30852,21,40229,2012,11.62,8.22,5.51,84.23
ZCTA5 40231,0,,,0,,0,0,0,0,0,0,0,0,0,21,40231,2012,,,,
ZCTA5 40241,29260,40.4,76722,1374,238100,563,42,1262,6802,3232,721,941,892,25000,21,40241,2012,4.7,36.76,3.22,85.44
ZCTA5 40242,10761,38.3,62713,744,181400,223,13,613,2177,976,115,371,478,8932,21,40242,2012,6.91,30.37,3.45,83.0
ZCTA5 40243,10004,44.8,64129,909,197600,294,8,747,1971,919,120,200,374,8664,21,40243,2012,9.09,30.09,2.0,86.61
ZCTA5 40245,30352,38.7,94257,1129,298400,283,34,1556,6534,3448,202,626,626,26281,21,40245,2012,3.72,33.55,2.06,86.59
ZCTA5 40258,27304,37.5,49311,3377,118000,558,192,1291,1297,460,15,1401,1860,24075,21,40258,2012,12.37,6.49,5.13,88.17
ZCTA5 40272,37826,36.9,47205,5065,115500,796,168,1851,1670,921,30,1951,2081,34043,21,40272,2012,13.39,6.93,5.16,90.0
ZCTA5 40291,33897,39.6,63306,2321,160400,517,149,2246,4425,1859,111,1411,1589,30770,21,40291,2012,6.85,18.87,4.16,90.77
ZCTA5 40299,38833,39.3,69855,2500,190800,497,163,2423,6322,2592,239,1308,1314,33384,21,40299,2012,6.44,23.57,3.37,85.97
ZCTA5 40202,6442,34.5,16069,1991,279500,522,27,232,406,295,62,479,384,3437,21,40202,2013,30.91,11.84,7.44,53.35
ZCTA5 40203,18884,34.0,15535,9648,84600,1773,200,607,855,401,205,1921,2173,14789,21,40203,2013,51.09,7.74,10.17,78.31
ZCTA5 40204,14426,38.2,46275,2058,166600,645,36,484,2780,1653,202,696,609,11426,21,40204,2013,14.27,32.13,4.82,79.2
ZCTA5 40205,23865,42.9,67446,1731,235900,584,36,816,5411,2899,841,684,851,20482,21,40205,2013,7.25,38.34,2.87,85.82
ZCTA5 40206,18778,38.8,43036,3009,166700,1051,66,974,3671,2128,472,745,895,15046,21,40206,2013,16.02,33.4,3.97,80.13
ZCTA5 40207,29805,41.6,70654,2545,249400,747,54,998,7492,3239,589,908,1169,25389,21,40207,2013,8.54,37.98,3.05,85.18
ZCTA5 40208,14482,24.7,25760,4957,88200,1419,77,304,840,448,150,1145,852,10860,21,40208,2013,34.23,9.93,7.91,74.99
ZCTA5 40209,586,37.1,37218,221,91600,64,53,3,35,17,0,10,44,343,21,40209,2013,37.71,8.87,1.71,58.53
ZCTA5 40210,15544,30.7,20069,6648,70100,1051,171,612,527,180,0,1457,2084,12611,21,40210,2013,42.77,4.55,9.37,81.13
ZCTA5 40211,22297,35.7,23790,7720,71700,1592,176,860,937,344,49,2130,3347,19190,21,40211,2013,34.62,5.96,9.55,86.07
ZCTA5 40212,18359,36.3,27212,6395,65600,1164,238,763,478,307,0,1810,2497,15438,21,40212,2013,34.83,4.28,9.86,84.09
ZCTA5 40213,15921,35.0,34769,3885,110100,993,173,772,1215,517,53,1169,1352,13177,21,40213,2013,24.4,11.21,7.34,82.76
ZCTA5 40214,46134,38.0,39447,8634,121000,2082,784,2133,3190,1313,168,3110,3037,38670,21,40214,2013,18.72,10.12,6.74,83.82
ZCTA5 40215,22747,31.6,27615,7759,76900,1684,358,777,671,253,39,2158,2246,19299,21,40215,2013,34.11,4.23,9.49,84.84
ZCTA5 40216,40903,38.7,38829,7700,110800,1450,349,2267,1985,1066,48,2687,3518,36621,21,40216,2013,18.83,7.58,6.57,89.53
ZCTA5 40217,12813,38.3,40651,2500,124800,389,55,580,1667,1132,64,531,796,10484,21,40217,2013,19.51,22.34,4.14,81.82
ZCTA5 40218,29834,35.4,33906,6238,122600,1883,151,1617,3170,1445,80,1460,2236,25036,21,40218,2013,20.91,15.74,4.89,83.92
ZCTA5 40219,39577,35.8,39601,8278,121700,1531,543,1990,2397,814,146,2654,2906,33017,21,40219,2013,20.92,8.48,6.71,83.42
ZCTA5 40220,33525,40.1,51405,3052,162600,784,166,2063,5522,2760,258,1036,1970,28519,21,40220,2013,9.1,25.47,3.09,85.07
ZCTA5 40222,21628,42.6,59135,1508,227500,552,33,678,5252,2159,330,650,654,17538,21,40222,2013,6.97,35.79,3.01,81.09
ZCTA5 40223,21610,42.5,71014,1661,242700,314,18,921,4695,2421,215,751,731,17441,21,40223,2013,7.69,33.92,3.48,80.71
ZCTA5 40228,15771,40.1,59005,1366,149900,163,73,1093,2091,853,74,601,717,14578,21,40228,2013,8.66,19.14,3.81,92.44
ZCTA5 40229,36741,34.2,50154,4721,120800,660,183,2059,2044,923,26,2187,1960,31212,21,40229,2013,12.85,8.15,5.95,84.95
ZCTA5 40231,0,,,0,,0,0,0,0,0,0,0,0,0,21,40231,2013,,,,
ZCTA5 40241,29783,40.8,75259,1503,237200,688,18,1328,6998,3106,810,1088,1030,25388,21,40241,2013,5.05,36.65,3.65,85.24
ZCTA5 40242,11193,38.5,63429,778,178500,197,23,633,2261,1066,112,388,470,9357,21,40242,2013,6.95,30.72,3.47,83.6
ZCTA5 40243,10509,45.6,61691,1019,187300,367,7,795,2137,1001,164,221,378,9083,21,40243,2013,9.7,31.42,2.1,86.43
ZCTA5 40245,30743,39.0,96089,1367,296500,245,72,1668,6779,3519,285,625,659,26700,21,40245,2013,4.45,34.42,2.03,86.85
ZCTA5 40258,27394,38.6,47924,3260,116700,576,178,1481,1292,430,14,1413,1861,24139,21,40258,2013,11.9,6.34,5.16,88.12
ZCTA5 40272,37708,37.8,48747,4517,116900,857,211,1930,1784,995,88,1940,2131,34123,21,40272,2013,11.98,7.6,5.14,90.49
ZCTA5 40291,34087,39.0,64342,2593,162400,561,166,2390,4595,1867,106,1360,1606,30920,21,40291,2013,7.61,19.27,3.99,90.71
ZCTA5 40299,38530,39.0,69207,2632,186500,544,178,2542,5979,2683,239,1417,1356,32794,21,40299,2013,6.83,23.1,3.68,85.11
ZCTA5 40202,6468,36.3,14619,2130,299000,497,18,185,366,221,46,494,442,3578,21,40202,2014,32.93,9.79,7.64,55.32
ZCTA5 40203,18347,33.1,15149,9643,85100,1764,298,511,831,350,277,1656,1820,14133,21,40203,2014,52.56,7.95,9.03,77.03
ZCTA5 40204,14229,36.2,48212,1979,171500,671,46,494,2975,1768,171,555,555,11178,21,40204,2014,13.91,34.54,3.9,78.56
ZCTA5 40205,24068,42.6,69275,1785,234100,564,37,820,5470,3199,872,606,870,20421,21,40205,2014,7.42,39.64,2.52,84.85
ZCTA5 40206,19277,39.1,44395,3029,169600,920,114,976,3843,2358,538,641,883,15313,21,40206,2014,15.71,34.96,3.33,79.44
ZCTA5 40207,30237,41.1,71402,2547,255500,738,96,1128,7514,3558,618,913,1122,25657,21,40207,2014,8.42,38.66,3.02,84.85
ZCTA5 40208,15480,23.4,25753,5049,87400,1300,96,337,838,500,156,1191,811,11269,21,40208,2014,32.62,9.65,7.69,72.8
ZCTA5 40209,485,27.7,25625,255,92300,60,30,7,45,0,0,16,48,242,21,40209,2014,52.58,9.28,3.3,49.9
ZCTA5 40210,15250,30.9,20120,6742,67400,1191,215,718,510,152,0,1338,1985,12356,21,40210,2014,44.21,4.34,8.77,81.02
ZCTA5 40211,23622,34.3,25228,8222,70900,1591,136,873,1026,374,36,2172,3421,19859,21,40211,2014,34.81,6.08,9.19,84.07
ZCTA5 40212,17308,36.6,25600,6351,61200,1218,256,720,472,285,5,1682,2321,14877,21,40212,2014,36.69,4.4,9.72,85.95
ZCTA5 40213,15834,35.5,34921,3500,109500,782,188,845,1215,588,45,1201,1324,13189,21,40213,2014,22.1,11.67,7.58,83.3
ZCTA5 40214,45756,37.8,39655,8910,119600,1929,815,1895,3043,1305,191,2776,2803,38660,21,40214,2014,19.47,9.92,6.07,84.49
ZCTA5 40215,22342,32.1,27204,7789,76800,1624,308,828,705,345,40,1911,2219,18935,21,40215,2014,34.86,4.88,8.55,84.75
ZCTA5 40216,40844,39.2,39515,6861,109500,1575,275,2522,1983,1178,44,2360,3275,36497,21,40216,2014,16.8,7.85,5.78,89.36
ZCTA5 40217,13077,38.3,41102,2695,127000,425,74,644,1748,1071,100,616,797,10888,21,40217,2014,20.61,22.32,4.71,83.26
ZCTA5 40218,30193,34.7,34956,5886,124800,1983,268,1560,3111,1516,139,1249,1969,24766,21,40218,2014,19.49,15.79,4.14,82.03
ZCTA5 40219,39651,35.9,41225,8444,121900,1436,666,2035,2388,1037,134,2615,2854,32921,21,40219,2014,21.3,8.98,6.6,83.03
ZCTA5 40220,33941,39.2,51559,3631,160100,806,153,2008,5556,2755,243,1025,2021,28678,21,40220,2014,10.7,25.2,3.02,84.49
ZCTA5 40222,21221,44.5,59796,1447,232200,819,46,807,4908,2287,343,559,621,17171,21,40222,2014,6.82,35.52,2.63,80.92
ZCTA5 40223,21491,42.9,72841,1627,247100,370,15,1035,4772,2429,348,752,755,17331,21,40223,2014,7.57,35.13,3.5,80.64
ZCTA5 40228,16008,40.1,59016,1233,149300,127,33,1103,2132,894,65,542,713,14409,21,40228,2014,7.7,19.31,3.39,90.01
ZCTA5 40229,36536,35.6,51133,4503,120700,661,194,1918,2049,1038,14,1959,2111,31081,21,40229,2014,12.32,8.49,5.36,85.07
ZCTA5 40231,0,,,0,,0,0,0,0,0,0,0,0,0,21,40231,2014,,,,
ZCTA5 40241,29907,40.6,77119,1642,234900,669,40,1411,6963,3444,798,827,901,25242,21,40241,2014,5.49,37.47,2.77,84.4
ZCTA5 40242,11334,40.7,63547,913,181900,202,28,581,2419,1123,104,379,436,9584,21,40242,2014,8.06,32.17,3.34,84.56
ZCTA5 40243,10569,44.4,57887,1009,185800,318,31,761,2063,913,156,155,465,9102,21,40243,2014,9.55,29.63,1.47,86.12
ZCTA5 40245,31941,39.2,103274,1453,298900,273,125,1749,6524,3795,359,604,689,27475,21,40245,2014,4.55,33.43,1.89,86.02
ZCTA5 40258,27222,39.2,47172,3273,116300,650,118,1524,1440,603,13,1392,1754,23818,21,40258,2014,12.02,7.55,5.11,87.5
ZCTA5 40272,38758,37.8,50345,4628,117700,767,261,1943,1945,1003,122,1735,2113,34997,21,40272,2014,11.94,7.92,4.48,90.3
ZCTA5 40291,35110,39.2,62928,2459,164400,471,220,2523,4524,2061,95,1243,1641,31149,21,40291,2014,7.0,19.03,3.54,88.72
ZCTA5 40299,38952,39.7,69286,2692,186700,670,165,2466,6301,2608,314,1327,1223,33450,21,40299,2014,6.91,23.68,3.41,85.87
ZCTA5 40258,27000,37.8,49939,3314,117600,581,104,1732,1600,659,33,1290,1671,23422,21,40258,2015,12.27,8.49,4.78,86.75
ZCTA5 40215,21052,34.3,29706,6727,75600,1535,235,895,779,456,45,1504,2119,17364,21,40215,2015,31.95,6.08,7.14,82.48
ZCTA5 40219,40370,35.9,42141,9470,120800,1688,641,2311,2608,1038,159,2574,3063,33595,21,40219,2015,23.46,9.43,6.38,83.22
ZCTA5 40204,14353,35.2,45856,2000,168400,630,18,569,2895,1766,191,456,601,11302,21,40204,2015,13.93,33.8,3.18,78.74
ZCTA5 40209,450,27.7,21458,317,92100,82,32,5,43,0,0,10,56,179,21,40209,2015,70.44,9.56,2.22,39.78
ZCTA5 40210,15044,33.2,19778,6457,64400,1122,209,694,410,267,0,1207,1935,12970,21,40210,2015,42.92,4.5,8.02,86.21
ZCTA5 40206,19144,38.8,45948,2626,173900,785,88,910,4172,2405,639,764,775,15342,21,40206,2015,13.72,37.69,3.99,80.14
ZCTA5 40231,0,,,0,,0,0,0,0,0,0,0,0,0,21,40231,2015,,,,
ZCTA5 40203,18964,33.6,15330,9287,82700,1793,349,479,905,541,286,1446,2027,15062,21,40203,2015,48.97,9.13,7.62,79.42
ZCTA5 40205,24134,42.6,69174,1891,238700,400,35,828,5374,3357,862,572,660,20680,21,40205,2015,7.84,39.75,2.37,85.69
ZCTA5 40245,32896,39.7,105791,1424,306200,360,155,1592,7127,3871,362,664,701,28300,21,40245,2015,4.33,34.53,2.02,86.03
ZCTA5 40207,30544,41.0,72909,2312,263900,785,176,1245,7629,3752,705,602,1129,25773,21,40207,2015,7.57,39.57,1.97,84.38
ZCTA5 40212,18348,35.6,26713,6379,61300,1151,279,810,632,316,6,1674,2269,15781,21,40212,2015,34.77,5.2,9.12,86.01
ZCTA5 40217,12972,37.5,40288,2777,129300,463,98,741,1824,901,99,659,719,10402,21,40217,2015,21.41,21.77,5.08,80.19
ZCTA5 40218,31971,34.3,36552,6266,123800,1897,229,1727,3388,1584,165,1223,1970,26740,21,40218,2015,19.6,16.07,3.83,83.64
ZCTA5 40222,21021,43.6,62028,1513,235600,798,36,820,5182,2266,276,520,634,17014,21,40222,2015,7.2,36.74,2.47,80.94
ZCTA5 40223,22079,42.3,72899,1516,248000,294,16,1183,4768,2731,404,709,750,17501,21,40223,2015,6.87,35.79,3.21,79.27
ZCTA5 40241,29891,41.8,76642,1776,238500,754,61,1459,6607,3407,799,737,1018,25299,21,40241,2015,5.94,36.17,2.47,84.64
ZCTA5 40242,11403,38.8,62288,849,179100,214,39,557,2357,1169,159,356,410,9597,21,40242,2015,7.45,32.32,3.12,84.16
ZCTA5 40291,36786,39.0,67453,2404,166400,505,201,2629,4853,2278,104,1042,1549,31766,21,40291,2015,6.54,19.67,2.83,86.35
ZCTA5 40211,23434,35.1,25943,7463,70000,1479,99,843,1118,463,65,2001,3490,20086,21,40211,2015,31.85,7.02,8.54,85.71
ZCTA5 40214,45370,38.0,40428,8945,120100,2009,693,1935,3114,1543,188,2350,2935,38041,21,40214,2015,19.72,10.68,5.18,83.85
ZCTA5 40220,33009,39.9,52155,3514,159500,780,155,2044,5615,2674,239,724,2019,27098,21,40220,2015,10.65,25.84,2.19,82.09
ZCTA5 40229,36788,36.4,51927,4043,121000,606,248,2165,2021,1061,23,1672,2115,31718,21,40229,2015,10.99,8.44,4.54,86.22
ZCTA5 40243,10361,44.3,61836,723,194200,276,36,705,2107,1068,181,156,470,8831,21,40243,2015,6.98,32.39,1.51,85.23
ZCTA5 40216,41358,39.8,38962,7442,107300,1655,321,2779,1843,1176,46,2202,3348,37130,21,40216,2015,17.99,7.41,5.32,89.78
ZCTA5 40228,16010,40.4,61886,1463,147300,200,44,1126,2167,831,91,459,650,14494,21,40228,2015,9.14,19.29,2.87,90.53
ZCTA5 40202,6362,37.4,14738,2082,469400,406,50,216,348,262,40,523,432,3506,21,40202,2015,32.73,10.22,8.22,55.11
ZCTA5 40208,16186,22.8,26551,5165,85300,1379,103,329,828,488,143,1105,844,11587,21,40208,2015,31.91,9.01,6.83,71.59
ZCTA5 40213,16327,35.6,36865,3305,107800,654,200,900,1428,618,49,1227,1405,13458,21,40213,2015,20.24,12.83,7.52,82.43
ZCTA5 40272,38519,38.4,50219,4732,115400,679,270,2152,2079,822,101,1580,2269,34979,21,40272,2015,12.28,7.79,4.1,90.81
ZCTA5 40299,38402,40.0,69555,2254,187800,562,182,2464,6212,3004,309,1175,1227,33076,21,40299,2015,5.87,24.8,3.06,86.13
ZCTA5 40207,30864,41.2,75496,2210,275300,810,132,1252,8014,3709,859,496,1136,26031,21,40207,2016,7.16,40.77,1.61,84.34
ZCTA5 40212,18031,34.9,25470,6684,62000,1242,231,784,584,226,13,1575,2095,14956,21,40212,2016,37.07,4.56,8.73,82.95
ZCTA5 40217,12687,37.3,44137,2427,133100,346,117,716,1814,927,106,497,477,9932,21,40217,2016,19.13,22.44,3.92,78.28
ZCTA5 40218,31703,35.3,38122,5940,124100,1769,265,1830,3660,1400,171,1060,1789,26500,21,40218,2016,18.74,16.5,3.34,83.59
ZCTA5 40222,21520,42.5,64172,1448,246500,856,64,1055,5297,2278,228,469,662,17127,21,40222,2016,6.73,36.26,2.18,79.59
ZCTA5 40223,23168,41.0,76790,1507,246400,229,17,1047,4743,3120,477,626,849,18512,21,40223,2016,6.5,36.0,2.7,79.9
ZCTA5 40241,30263,42.0,73399,2251,240100,752,75,1544,6487,3460,653,767,1066,25696,21,40241,2016,7.44,35.03,2.53,84.91
ZCTA5 40242,11304,38.7,60606,1007,183500,283,39,580,2260,1205,173,323,464,9568,21,40242,2016,8.91,32.18,2.86,84.64
ZCTA5 40291,37403,38.6,68228,2387,167100,488,262,2690,4848,2462,96,803,1728,31484,21,40291,2016,6.38,19.8,2.15,84.18
ZCTA5 40211,22826,35.0,26571,7518,68300,1460,157,785,968,420,54,1775,3144,19323,21,40211,2016,32.94,6.32,7.78,84.65
ZCTA5 40214,44480,37.2,40071,8532,123400,2175,668,1967,3067,1420,238,2129,3049,36721,21,40214,2016,19.18,10.62,4.79,82.56
ZCTA5 40220,33523,40.3,56425,3549,163600,767,243,2292,5656,2737,236,697,1951,27591,21,40220,2016,10.59,25.74,2.08,82.3
ZCTA5 40229,37632,36.1,52019,4482,121100,586,217,2290,2194,818,72,1547,2253,31839,21,40229,2016,11.91,8.2,4.11,84.61
ZCTA5 40243,10364,43.8,63537,677,197300,241,22,795,2162,959,171,126,399,8751,21,40243,2016,6.53,31.76,1.22,84.44
ZCTA5 40258,27410,37.7,50581,3293,117800,640,107,1897,1700,717,29,1129,1741,23614,21,40258,2016,12.01,8.92,4.12,86.15
ZCTA5 40215,21643,34.4,31453,6355,76200,1361,157,988,762,506,38,1334,2174,17747,21,40215,2016,29.36,6.03,6.16,82.0
ZCTA5 40219,39475,36.4,42660,8410,122300,1476,495,2471,2837,1156,109,1984,2804,33135,21,40219,2016,21.3,10.39,5.03,83.94
ZCTA5 40204,14661,34.7,47146,2103,176500,639,19,608,2952,1793,229,361,649,11371,21,40204,2016,14.34,33.93,2.46,77.56
ZCTA5 40209,522,27.8,,323,92400,85,32,0,61,16,0,8,76,207,21,40209,2016,61.88,14.75,1.53,39.66
ZCTA5 40210,14194,33.9,21610,6085,62800,1068,209,718,401,194,4,943,1761,12495,21,40210,2016,42.87,4.22,6.64,88.03
ZCTA5 40202,6411,37.2,16500,2117,327800,411,44,310,423,251,57,557,474,3791,21,40202,2016,33.02,11.4,8.69,59.13
ZCTA5 40208,16935,22.8,27147,5065,79000,1359,131,313,767,487,106,1152,863,11399,21,40208,2016,29.91,8.03,6.8,67.31
ZCTA5 40213,16117,37.4,40173,2746,108100,579,188,980,1637,737,51,858,1333,13113,21,40213,2016,17.04,15.05,5.32,81.36
ZCTA5 40272,37138,39.9,51360,4456,116900,731,290,2339,2286,910,101,1234,2234,33534,21,40272,2016,12.0,8.88,3.32,90.3
ZCTA5 40299,38969,39.9,68357,2344,188300,483,165,2624,6378,3238,248,961,1404,33236,21,40299,2016,6.02,25.31,2.47,85.29
ZCTA5 40216,42371,39.3,40375,7731,108800,1607,278,2589,2113,1122,40,1998,3458,38057,21,40216,2016,18.25,7.73,4.72,89.82
ZCTA5 40228,16150,40.5,63150,1370,149100,206,35,1119,2216,780,92,444,679,14577,21,40228,2016,8.48,19.12,2.75,90.26
ZCTA5 40206,19352,37.7,46841,2517,178500,753,94,852,4035,2453,612,646,808,15312,21,40206,2016,13.01,36.69,3.34,79.12
ZCTA5 40231,0,,,0,,0,0,0,0,0,0,0,0,0,21,40231,2016,,,,
ZCTA5 40203,19004,35.2,14412,9227,80900,1985,345,629,873,522,194,1226,1976,14396,21,40203,2016,48.55,8.36,6.45,75.75
ZCTA5 40205,24342,42.5,70935,1812,247100,365,39,854,5385,3427,821,543,661,20608,21,40205,2016,7.44,39.57,2.23,84.66
ZCTA5 40245,33338,39.5,106951,1404,317000,454,137,1478,7721,3671,468,564,776,29297,21,40245,2016,4.21,35.58,1.69,87.88
ZCTA5 40258,27039,37.6,51962,2216,121100,553,58,1903,1659,857,50,828,1536,23349,21,40258,2017,8.2,9.49,3.06,86.35
ZCTA5 40215,21187,34.0,31927,5935,77600,1173,184,932,757,477,13,1050,2175,17281,21,40215,2017,28.01,5.89,4.96,81.56
ZCTA5 40219,38889,37.2,45741,6890,124600,1321,517,2448,2675,1342,131,1357,2554,32903,21,40219,2017,17.72,10.67,3.49,84.61
ZCTA5 40204,14455,34.9,51281,2022,183300,602,41,608,2977,1725,240,343,706,11169,21,40204,2017,13.99,34.19,2.37,77.27
ZCTA5 40209,226,30.3,23250,140,,27,29,9,17,10,0,9,25,113,21,40209,2017,61.95,11.95,3.98,50.0
ZCTA5 40210,13424,35.1,22487,5313,59200,927,223,589,343,186,5,929,1785,11711,21,40210,2017,39.58,3.98,6.92,87.24
ZCTA5 40206,19885,37.3,51515,2312,194800,640,99,698,4426,2445,610,620,785,15553,21,40206,2017,11.63,37.62,3.12,78.21
ZCTA5 40231,0,,,0,,0,0,0,0,0,0,0,0,0,21,40231,2017,,,,
ZCTA5 40203,18745,34.9,15341,8611,80700,1718,342,545,876,517,154,1226,1996,14273,21,40203,2017,45.94,8.25,6.54,76.14
ZCTA5 40205,24344,42.3,74313,1706,259800,419,70,906,5489,3407,816,611,646,20604,21,40205,2017,7.01,39.89,2.51,84.64
ZCTA5 40245,34313,39.5,112655,1495,322500,505,133,1550,8441,3702,549,602,795,30052,21,40245,2017,4.36,36.99,1.75,87.58
ZCTA5 40207,30755,41.2,77722,2308,282000,717,133,1422,7854,3936,957,454,1024,25919,21,40207,2017,7.5,41.45,1.48,84.28
ZCTA5 40212,17965,34.0,26089,7003,61100,1250,192,741,601,257,23,1548,2089,14834,21,40212,2017,38.98,4.9,8.62,82.57
ZCTA5 40217,12716,36.8,46113,2248,136900,360,94,739,1931,942,118,352,516,9956,21,40217,2017,17.68,23.52,2.77,78.3
ZCTA5 40218,33663,34.8,41018,6034,130200,1658,358,1965,3873,1432,124,954,1804,28272,21,40218,2017,17.92,16.13,2.83,83.99
ZCTA5 40222,21276,43.1,64557,1389,254200,740,71,1049,5391,2338,233,515,626,17527,21,40222,2017,6.53,37.42,2.42,82.38
ZCTA5 40223,23405,40.6,76754,1234,253000,233,61,965,4790,2940,403,498,842,19250,21,40223,2017,5.27,34.75,2.13,82.25
ZCTA5 40241,29983,43.3,75769,1945,248300,680,82,1521,6214,3245,592,501,1028,25181,21,40241,2017,6.49,33.52,1.67,83.98
ZCTA5 40242,11570,40.4,65165,767,188700,269,35,638,2397,1223,177,271,488,9730,21,40242,2017,6.63,32.82,2.34,84.1
ZCTA5 40291,37014,39.2,68716,2094,168600,410,162,2569,4834,2644,149,484,1687,30637,21,40291,2017,5.66,20.61,1.31,82.77
ZCTA5 40211,23081,34.3,29419,6805,65900,1250,137,935,928,383,61,1748,3128,19489,21,40211,2017,29.48,5.94,7.57,84.44
ZCTA5 40214,45542,36.7,40822,9135,124900,2109,616,2314,3564,1435,235,2010,2988,37482,21,40214,2017,20.06,11.49,4.41,82.3
ZCTA5 40220,33180,39.9,58542,3929,168200,802,277,2264,5624,3024,264,729,1736,27666,21,40220,2017,11.84,26.86,2.2,83.38
ZCTA5 40229,37767,36.3,55666,4203,126100,524,287,2505,2183,868,98,1344,2064,32043,21,40229,2017,11.13,8.34,3.56,84.84
ZCTA5 40243,10727,44.2,62150,804,198100,302,12,922,2299,1000,183,157,401,9121,21,40243,2017,7.5,32.46,1.46,85.03
ZCTA5 40202,6827,36.3,17372,2065,262500,384,29,304,440,221,36,515,489,3822,21,40202,2017,30.25,10.21,7.54,55.98
ZCTA5 40208,17523,23.0,26743,5193,84000,1492,146,395,792,653,99,1269,988,11507,21,40208,2017,29.64,8.81,7.24,65.67
ZCTA5 40213,16326,37.3,40487,2452,103500,515,164,1022,1754,723,41,705,1315,13555,21,40213,2017,15.02,15.42,4.32,83.03
ZCTA5 40272,37532,40.6,54696,4759,117200,664,335,2384,2216,872,102,965,2084,33760,21,40272,2017,12.68,8.5,2.57,89.95
ZCTA5 40299,40335,39.9,72120,1794,192400,374,178,2670,6473,3379,216,792,1328,34805,21,40299,2017,4.45,24.96,1.96,86.29
ZCTA5 40216,42407,38.6,41142,7594,110300,1516,192,2413,2059,1185,18,1697,3359,38186,21,40216,2017,17.91,7.69,4.0,90.05
ZCTA5 40228,16397,42.5,66619,1356,151500,174,43,1067,2230,932,86,445,652,14408,21,40228,2017,8.27,19.81,2.71,87.87
ZCTA5 40258,26937,37.0,51184,2229,124000,510,124,1997,1667,848,50,724,1784,23537,21,40258,2018,8.27,9.52,2.69,87.38
ZCTA5 40215,20692,34.4,32306,6022,79100,1077,126,929,754,462,7,806,2199,16588,21,40215,2018,29.1,5.91,3.9,80.17
ZCTA5 40204,14765,35.1,52179,2105,194300,612,26,652,2860,1717,314,340,685,11403,21,40204,2018,14.26,33.13,2.3,77.23
ZCTA5 40209,249,37.0,32500,120,55800,23,0,9,15,12,0,0,21,149,21,40209,2018,48.19,10.84,0.0,59.84
ZCTA5 40210,14307,33.4,23330,6185,59600,886,221,667,337,171,4,850,1892,12385,21,40210,2018,43.23,3.58,5.94,86.57
ZCTA5 40206,19804,37.5,55156,2345,209300,502,110,753,4578,2413,557,537,760,15404,21,40206,2018,11.84,38.11,2.71,77.78
ZCTA5 40231,0,,,0,,0,0,0,0,0,0,0,0,0,21,40231,2018,,,,
ZCTA5 40219,39537,36.3,46931,6508,129100,1555,456,2583,2984,1333,175,1020,2413,32771,21,40219,2018,16.46,11.36,2.58,82.89
ZCTA5 40216,41539,40.5,43358,7605,113000,1848,373,2133,2285,1216,17,1895,3267,36777,21,40216,2018,18.31,8.47,4.56,88.54
ZCTA5 40228,16182,42.6,66687,1234,155100,225,111,1063,2130,852,47,316,682,14319,21,40228,2018,7.63,18.72,1.95,88.49
ZCTA5 40203,17801,35.6,16862,7727,78800,1627,309,709,1036,599,107,1173,1850,13347,21,40203,2018,43.41,9.79,6.59,74.98
ZCTA5 40205,24366,42.4,76802,1642,271600,321,62,976,5660,3357,790,469,685,20691,21,40205,2018,6.74,40.25,1.92,84.92
ZCTA5 40245,34409,39.6,114092,1758,333900,651,106,1448,8201,3783,515,668,859,29638,21,40245,2018,5.11,36.32,1.94,86.13
ZCTA5 40207,30523,41.2,78750,2042,292000,594,144,1476,7814,4008,870,458,860,25638,21,40207,2018,6.69,41.58,1.5,84.0
ZCTA5 40212,17486,35.4,24957,6500,61700,1332,211,701,581,215,21,1311,1911,14483,21,40212,2018,37.17,4.67,7.5,82.83
ZCTA5 40217,12679,36.4,50498,1966,146300,362,67,578,2179,911,156,306,472,10193,21,40217,2018,15.51,25.6,2.41,80.39
ZCTA5 40218,34424,34.6,44587,6358,135100,1550,399,2235,3787,1344,176,1365,2060,28359,21,40218,2018,18.47,15.42,3.97,82.38
ZCTA5 40222,21943,41.6,73220,1198,258000,656,67,1179,5571,2440,216,406,669,18126,21,40222,2018,5.46,37.49,1.85,82.6
ZCTA5 40223,23329,41.3,78076,708,259400,256,49,1078,4880,2937,442,469,812,19853,21,40223,2018,3.03,35.4,2.01,85.1
ZCTA5 40241,30144,42.3,78331,1936,261100,623,138,1575,6163,3570,519,528,1021,25591,21,40241,2018,6.42,34.01,1.75,84.9
ZCTA5 40242,11056,40.1,68004,834,195800,279,31,645,2249,1087,156,251,498,9180,21,40242,2018,7.54,31.58,2.27,83.03
ZCTA5 40291,37857,39.6,70234,2172,171500,417,171,2579,5320,2864,145,606,1710,31028,21,40291,2018,5.74,22.0,1.6,81.96
ZCTA5 40211,23215,33.9,27565,7803,66500,1507,123,910,816,398,58,1663,3133,19616,21,40211,2018,33.61,5.48,7.16,84.5
ZCTA5 40214,45352,36.8,41449,9131,126700,2208,521,2462,3868,1553,248,1648,3042,37842,21,40214,2018,20.13,12.5,3.63,83.44
ZCTA5 40220,33240,39.4,62366,3614,173300,774,276,2218,5429,3096,292,683,1533,27749,21,40220,2018,10.87,26.53,2.05,83.48
ZCTA5 40229,38879,36.0,58685,3894,132000,459,223,2546,2463,879,137,1150,2108,32691,21,40229,2018,10.02,8.95,2.96,84.08
ZCTA5 40243,10414,44.8,73448,622,213900,285,23,974,2284,1022,121,149,372,8776,21,40243,2018,5.97,32.91,1.43,84.27
ZCTA5 40202,7176,37.5,17940,2162,282000,350,39,287,519,205,34,402,467,4003,21,40202,2018,30.13,10.56,5.6,55.78
ZCTA5 40208,17037,22.7,28026,4989,85100,1318,167,364,752,695,109,965,862,10894,21,40208,2018,29.28,9.13,5.66,63.94
ZCTA5 40213,16221,37.9,42437,2376,112000,543,171,1017,1681,679,57,540,1252,13326,21,40213,2018,14.65,14.9,3.33,82.15
ZCTA5 40272,37984,40.4,55052,4974,121700,738,323,2334,2516,987,99,1005,2095,33771,21,40272,2018,13.09,9.48,2.65,88.91
ZCTA5 40299,40808,39.9,76587,1606,203500,353,89,2777,6883,3566,261,615,1482,35137,21,40299,2018,3.94,26.24,1.51,86.1
ZCTA5 40258,26682,37.1,53256,2473,127200,459,151,2002,1572,741,54,525,1827,23010,21,40258,2019,9.27,8.87,1.97,86.24
ZCTA5 40215,20754,33.2,33723,6151,78600,1035,228,969,755,298,9,1032,2247,16454,21,40215,2019,29.64,5.12,4.97,79.28
ZCTA5 40219,40106,36.8,48904,5591,133600,1503,359,2694,3194,999,163,971,2462,33311,21,40219,2019,13.94,10.86,2.42,83.06
ZCTA5 40204,14714,35.1,52073,2078,201500,629,28,613,2947,1791,381,395,662,11305,21,40204,2019,14.12,34.79,2.68,76.83
ZCTA5 40209,316,36.6,32500,111,47600,21,12,9,19,17,0,12,28,185,21,40209,2019,35.13,11.39,3.8,58.54
ZCTA5 40210,14083,32.5,21967,6028,61300,834,180,498,365,208,4,793,1934,12145,21,40210,2019,42.8,4.1,5.63,86.24
ZCTA5 40206,19693,38.3,57717,2150,220200,658,107,747,4782,2328,482,455,810,15401,21,40206,2019,10.92,38.55,2.31,78.21
ZCTA5 40231,0,,,0,,0,0,0,0,0,0,0,0,0,21,40231,2019,,,,
ZCTA5 40203,17815,36.9,19645,6915,86100,1583,264,835,1244,665,85,1085,1883,13634,21,40203,2019,38.82,11.19,6.09,76.53
ZCTA5 40205,24477,42.1,80717,1458,287000,367,59,1029,5571,3391,784,455,706,20860,21,40205,2019,5.96,39.82,1.86,85.22
ZCTA5 40245,34529,40.2,113256,1581,341300,602,105,1399,8569,3755,594,545,869,30160,21,40245,2019,4.58,37.41,1.58,87.35
ZCTA5 40207,30228,42.3,80553,1817,307100,662,125,1499,7919,4024,863,419,900,25127,21,40207,2019,6.01,42.36,1.39,83.12
ZCTA5 40212,16700,35.8,26878,6252,64200,1246,155,606,597,199,17,1339,1959,13939,21,40212,2019,37.44,4.87,8.02,83.47
ZCTA5 40217,12670,35.6,53358,1485,154100,320,106,622,2226,991,157,206,481,10002,21,40217,2019,11.72,26.63,1.63,78.94
ZCTA5 40218,33668,34.7,46796,5955,135100,1256,308,2059,4109,1174,174,1223,1968,27541,21,40218,2019,17.69,16.21,3.63,81.8
ZCTA5 40222,22236,41.1,76430,1174,264000,471,49,1357,5732,2669,196,420,651,18698,21,40222,2019,5.28,38.66,1.89,84.09
ZCTA5 40223,23357,40.7,84446,730,261900,290,54,1047,4823,3020,356,387,770,20268,21,40223,2019,3.13,35.1,1.66,86.77
ZCTA5 40241,30057,42.7,82372,1637,274000,658,138,1700,6327,3403,589,574,1020,25336,21,40241,2019,5.45,34.33,1.91,84.29
ZCTA5 40242,11073,37.8,69742,916,208600,318,53,671,2180,1064,169,226,502,8980,21,40242,2019,8.27,30.82,2.04,81.1
ZCTA5 40291,37812,40.1,73228,2184,176200,551,141,2616,5446,2813,161,512,1636,30921,21,40291,2019,5.78,22.27,1.35,81.78
ZCTA5 40211,22556,33.4,28294,8005,69600,1574,189,895,748,367,53,1399,3142,19358,21,40211,2019,35.49,5.18,6.2,85.82
ZCTA5 40214,45844,36.9,44937,9324,133700,2124,448,2779,4233,1825,225,1755,3020,38316,21,40214,2019,20.34,13.71,3.83,83.58
ZCTA5 40220,34025,39.2,62672,3081,181300,770,320,2109,5767,3125,339,682,1422,28886,21,40220,2019,9.06,27.13,2.0,84.9
ZCTA5 40229,39289,35.4,61475,3745,137800,428,240,2729,2983,921,142,1038,2104,33338,21,40229,2019,9.53,10.3,2.64,84.85
ZCTA5 40243,10485,44.5,75536,676,222700,304,11,901,2325,962,117,172,426,8592,21,40243,2019,6.45,32.47,1.64,81.95
ZCTA5 40202,7194,37.0,19628,2031,290600,339,34,357,679,213,23,372,330,3714,21,40202,2019,28.23,12.72,5.17,51.63
ZCTA5 40208,16036,22.8,30318,4520,86300,1408,118,410,894,636,73,856,764,10410,21,40208,2019,28.19,10.0,5.34,64.92
ZCTA5 40213,16296,37.8,46947,2187,115200,500,104,973,1907,705,91,366,1168,13634,21,40213,2019,13.42,16.59,2.25,83.66
ZCTA5 40272,38095,40.3,57581,4910,131500,978,228,2482,2896,1121,127,1028,2048,33700,21,40272,2019,12.89,10.88,2.7,88.46
ZCTA5 40299,41463,39.5,75396,1970,212700,337,201,3017,6827,3809,253,658,1712,35941,21,40299,2019,4.75,26.26,1.59,86.68
ZCTA5 40216,42029,41.3,43147,7678,115200,1882,523,2128,2552,1023,49,1657,3258,37051,21,40216,2019,18.27,8.62,3.94,88.16
ZCTA5 40228,15927,43.1,69367,1063,161600,181,121,1086,2088,827,79,279,694,14248,21,40228,2019,6.67,18.8,1.75,89.46
ZCTA5 40231,0,,,0,,0,0,0,0,0,0,0,0,0,,40231,2020,,,,
ZCTA5 40211,22516,34.9,28407,7693,76500,1777,285,998,791,314,74,1321,2888,19672,,40211,2020,34.17,5.24,5.87,87.37
ZCTA5 40214,46002,36.4,47189,8606,137900,1916,461,2792,4250,1712,148,1480,2845,38572,,40214,2020,18.71,13.28,3.22,83.85
ZCTA5 40220,34347,39.8,65707,2825,191400,704,335,2404,5960,3371,548,635,1561,29237,,40220,2020,8.22,28.76,1.85,85.12
ZCTA5 40229,40709,35.8,63661,3756,146400,416,407,2963,3183,1011,126,884,1852,34546,,40229,2020,9.23,10.61,2.17,84.86
ZCTA5 40243,10290,50.4,75901,569,248300,358,16,880,2491,909,92,333,391,8726,,40243,2020,5.53,33.94,3.24,84.8
ZCTA5 40202,7796,38.0,17295,2325,310200,270,22,385,681,263,77,289,321,4272,,40202,2020,29.82,13.1,3.71,54.8
ZCTA5 40208,15190,22.4,30559,4359,101400,1114,173,398,993,753,111,847,548,9361,,40208,2020,28.7,12.23,5.58,61.63
ZCTA5 40213,15383,38.9,49952,2426,122100,612,181,946,1620,691,67,284,957,13446,,40213,2020,15.77,15.46,1.85,87.41
ZCTA5 40258,26664,37.6,53223,3146,130900,535,119,2081,1651,719,18,522,2174,23164,,40258,2020,11.8,8.96,1.96,86.87
ZCTA5 40215,20644,32.3,35380,6159,82700,984,295,945,750,369,6,934,2102,16746,,40215,2020,29.83,5.45,4.52,81.12
ZCTA5 40219,38258,37.0,49090,4714,135800,1194,337,2718,3103,1122,192,773,2377,31957,,40219,2020,12.32,11.55,2.02,83.53
ZCTA5 40204,14395,35.6,52273,1746,219500,663,33,609,2949,1810,397,522,614,10926,,40204,2020,12.13,35.82,3.63,75.9
ZCTA5 40209,350,38.9,43247,15,106800,0,15,81,11,6,0,11,6,318,,40209,2020,4.29,4.86,3.14,90.86
ZCTA5 40210,14385,30.0,24574,6060,66800,843,160,630,377,146,3,952,2149,12052,,40210,2020,42.13,3.66,6.62,83.78
ZCTA5 40206,19557,38.5,57486,2055,216400,885,99,801,4620,2199,418,522,770,15416,,40206,2020,10.51,37.0,2.67,78.83
ZCTA5 40203,17568,37.1,25129,6223,127500,1533,264,946,1777,628,92,878,1950,12658,,40203,2020,35.42,14.21,5.0,72.05
ZCTA5 40205,24859,41.5,83703,1460,292700,339,81,1129,5641,3448,649,410,758,21169,,40205,2020,5.87,39.17,1.65,85.16
ZCTA5 40245,34802,41.2,104496,2164,348800,638,159,1385,8960,3790,593,546,1014,30125,,40245,2020,6.22,38.34,1.57,86.56
ZCTA5 40272,37401,40.2,57382,4686,135000,975,294,2337,2771,989,139,886,2108,33237,,40272,2020,12.53,10.42,2.37,88.87
ZCTA5 40299,42219,39.2,74638,2001,214600,354,146,3198,7281,3495,319,674,1676,36292,,40299,2020,4.74,26.28,1.6,85.96
ZCTA5 40207,29871,42.3,82453,1906,328300,591,98,1335,8236,4102,873,492,993,24783,,40207,2020,6.38,44.23,1.65,82.97
ZCTA5 40212,16248,38.1,28646,6088,65600,1114,234,698,724,233,17,1114,1875,14045,,40212,2020,37.47,5.99,6.86,86.44
ZCTA5 40217,12879,34.6,58014,1555,163600,335,59,709,2613,959,300,161,408,10694,,40217,2020,12.07,30.06,1.25,83.03
ZCTA5 40218,34427,35.7,50048,4819,144400,1150,355,1948,4241,1300,182,1210,2107,28086,,40218,2020,14.0,16.62,3.51,81.58
ZCTA5 40222,22141,41.4,75667,1480,273600,633,56,1225,5399,2714,324,378,738,18603,,40222,2020,6.68,38.11,1.71,84.02
ZCTA5 40223,23509,42.0,86256,783,272800,354,51,967,4584,2986,489,429,919,20803,,40223,2020,3.33,34.28,1.82,88.49
ZCTA5 40241,29748,41.8,80811,1260,280400,513,136,1799,6906,3026,699,779,1026,24706,,40241,2020,4.24,35.74,2.62,83.05
ZCTA5 40242,11635,38.2,72997,871,232800,301,135,865,2272,1160,114,177,531,9735,,40242,2020,7.49,30.48,1.52,83.67
ZCTA5 40291,38416,39.7,72877,2412,189300,556,162,2885,5546,2715,179,858,1817,32244,,40291,2020,6.28,21.97,2.23,83.93
ZCTA5 40216,43367,38.6,46761,7569,119800,1702,484,1866,2639,1105,54,1741,3509,37413,,40216,2020,17.45,8.76,4.01,86.27
ZCTA5 40228,15814,43.6,66260,1166,171300,137,115,1049,1776,960,61,181,702,13728,,40228,2020,7.37,17.69,1.14,86.81
ZCTA5 40202,7444,38.7,20755,2156,319600,270,54,230,604,271,167,208,262,4312,,40202,2021,28.96,14.0,2.79,57.93
ZCTA5 40203,17263,37.8,26968,5681,134100,1590,265,1000,1693,731,94,976,1850,13352,,40203,2021,32.91,14.59,5.65,77.34
ZCTA5 40204,14591,35.7,56920,1554,239600,547,31,640,3366,1637,515,521,682,10952,,40204,2021,10.65,37.82,3.57,75.06
ZCTA5 40205,25161,41.9,88033,1349,303200,380,53,1100,5715,3605,680,410,872,21960,,40205,2021,5.36,39.74,1.63,87.28
ZCTA5 40206,20836,38.1,62915,1976,229000,896,76,980,4893,2565,505,586,796,16716,,40206,2021,9.48,38.22,2.81,80.23
ZCTA5 40207,29359,42.5,91484,1763,343800,566,102,1291,8122,4185,811,506,952,24726,,40207,2021,6.0,44.68,1.72,84.22
ZCTA5 40208,15270,22.0,28634,4651,121800,1345,189,438,998,1018,145,728,630,10278,,40208,2021,30.46,14.15,4.77,67.31
ZCTA5 40209,465,39.0,45986,45,105800,10,13,105,7,5,0,36,7,407,,40209,2021,9.68,2.58,7.74,87.53
ZCTA5 40210,14746,31.4,29733,5754,76300,761,186,715,411,181,9,859,2268,12340,,40210,2021,39.02,4.08,5.83,83.68
ZCTA5 40211,22167,35.7,29772,7293,78700,1608,186,1218,909,339,46,1445,3099,19642,,40211,2021,32.9,5.84,6.52,88.61
ZCTA5 40212,16548,37.6,31377,5970,65900,1170,251,681,789,324,5,1004,1909,14840,,40212,2021,36.08,6.76,6.07,89.68
ZCTA5 40213,15749,38.7,53224,2178,131100,515,153,1019,1732,810,94,349,1047,13779,,40213,2021,13.83,16.74,2.22,87.49
ZCTA5 40214,47339,36.4,49427,8595,147500,2041,489,2689,4394,1930,119,1144,3024,40240,,40214,2021,18.16,13.61,2.42,85.0
ZCTA5 40215,20042,34.3,37535,5859,85200,847,297,888,808,327,19,772,2024,15983,,40215,2021,29.23,5.76,3.85,79.75
ZCTA5 40216,43749,37.8,47575,8072,126300,1864,606,2132,3194,1136,41,1624,3663,37575,,40216,2021,18.45,9.99,3.71,85.89
ZCTA5 40217,12029,35.5,61977,1580,180800,462,24,665,2592,906,320,176,432,10009,,40217,2021,13.13,31.74,1.46,83.21
ZCTA5 40218,33779,35.0,52395,5372,149500,1428,298,1675,4055,1456,201,1177,2619,27413,,40218,2021,15.9,16.91,3.48,81.15
ZCTA5 40219,38589,36.3,50945,5159,144700,1369,374,2739,3245,1094,222,861,2524,32359,,40219,2021,13.37,11.82,2.23,83.86
ZCTA5 40220,34723,40.3,68598,2992,201800,791,408,2308,6191,3367,720,596,1520,29467,,40220,2021,8.62,29.6,1.72,84.86
ZCTA5 40221,0,,,0,,0,0,0,0,0,0,0,0,0,,40221,2021,,,,
ZCTA5 40222,21622,41.5,73549,1509,281800,721,33,1049,5286,2579,301,439,724,18230,,40222,2021,6.98,37.77,2.03,84.31
ZCTA5 40223,23739,43.0,91647,918,296000,364,128,999,5004,3114,591,432,830,21110,,40223,2021,3.87,36.69,1.82,88.93
ZCTA5 40228,17852,40.7,69944,1487,178800,166,117,1107,1803,924,117,361,740,15368,,40228,2021,8.33,15.93,2.02,86.09
ZCTA5 40229,39658,35.7,68309,4162,154300,432,578,2840,3673,1114,112,887,1984,33851,,40229,2021,10.49,12.35,2.24,85.36
ZCTA5 40231,0,,,0,,0,0,0,0,0,0,0,0,0,,40231,2021,,,,
ZCTA5 40241,30189,41.4,88147,1324,292000,572,143,1806,6915,3449,774,707,1080,24855,,40241,2021,4.39,36.89,2.34,82.33
ZCTA5 40242,10982,38.2,76534,681,239800,171,107,821,2021,1138,124,192,459,9057,,40242,2021,6.2,29.89,1.75,82.47
ZCTA5 40243,11953,48.1,79037,787,254300,531,19,896,2949,1208,111,423,460,9910,,40243,2021,6.58,35.71,3.54,82.91
ZCTA5 40245,37503,40.4,111250,2241,362400,637,186,1629,9522,4522,818,777,1135,31665,,40245,2021,5.98,39.63,2.07,84.43
ZCTA5 40258,27430,38.1,57825,3755,138400,716,217,2157,1804,725,20,646,2129,24089,,40258,2021,13.69,9.29,2.36,87.82
ZCTA5 40272,38815,38.8,60256,5181,142800,1096,350,2151,3067,1181,137,872,2537,34587,,40272,2021,13.35,11.3,2.25,89.11
ZCTA5 40291,39447,39.0,75687,2809,207900,524,205,3154,5827,2401,249,850,1707,33401,,40291,2021,7.12,21.49,2.15,84.67
ZCTA5 40299,41448,40.4,79637,1971,226900,494,180,2831,7243,3726,281,625,1406,36419,,40299,2021,4.76,27.14,1.51,87.87
ZCTA5 40202,7340,42.2,26643,2071,334400,256,87,242,680,374,187,173,166,4326,,40202,2022,28.22,16.91,2.36,58.94
ZCTA5 40203,17964,38.1,30739,6108,158000,1847,306,1087,1847,798,156,814,1813,13849,,40203,2022,34.0,15.59,4.53,77.09
ZCTA5 40204,14362,36.8,65457,1525,289100,652,21,622,3396,1949,575,405,665,10695,,40204,2022,10.62,41.22,2.82,74.47
ZCTA5 40205,24890,42.0,94253,1431,342000,382,23,1104,6022,3655,590,366,876,21821,,40205,2022,5.75,41.25,1.47,87.67
ZCTA5 40206,20315,38.5,69241,1972,263000,954,53,1001,4739,2626,498,565,688,16731,,40206,2022,9.71,38.71,2.78,82.36
ZCTA5 40207,29014,42.6,97754,1478,385700,650,114,1132,7802,4262,818,439,990,24340,,40207,2022,5.09,44.4,1.51,83.89
ZCTA5 40208,15126,22.1,34206,5074,124300,1198,269,406,998,840,138,693,712,10550,,40208,2022,33.54,13.06,4.58,69.75
ZCTA5 40209,515,39.0,50787,48,129900,12,9,93,13,6,0,24,0,449,,40209,2022,9.32,3.69,4.66,87.18
ZCTA5 40210,14980,31.3,34440,5455,88200,835,219,781,436,341,12,737,2375,12727,,40210,2022,36.42,5.27,4.92,84.96
ZCTA5 40211,21135,37.9,31530,7768,91100,1547,138,1336,856,429,54,1405,3024,18800,,40211,2022,36.75,6.34,6.65,88.95
ZCTA5 40212,15412,38.5,33605,5439,82600,1043,249,579,788,370,0,842,1658,14153,,40212,2022,35.29,7.51,5.46,91.83
ZCTA5 40213,15779,38.7,59792,2329,164000,598,162,1124,1748,849,121,412,936,13887,,40213,2022,14.76,17.23,2.61,88.01
ZCTA5 40214,46033,36.8,55218,7600,169700,1775,797,2682,4141,2131,207,1182,3051,40158,,40214,2022,16.51,14.07,2.57,87.24
ZCTA5 40215,19494,36.2,41397,5563,97500,784,398,805,904,414,19,779,1749,15899,,40215,2022,28.54,6.86,4.0,81.56
ZCTA5 40216,43167,39.1,51221,8280,145200,1869,628,2339,3446,891,45,1406,3609,37280,,40216,2022,19.18,10.15,3.26,86.36
ZCTA5 40217,12439,35.1,70771,1748,208300,593,26,732,2593,1203,354,227,436,10382,,40217,2022,14.05,33.36,1.82,83.46
ZCTA5 40218,33479,34.7,52584,5465,175100,1293,492,1680,4061,1293,170,1081,2970,27647,,40218,2022,16.32,16.5,3.23,82.58
ZCTA5 40219,38245,37.4,53059,5579,167700,1548,306,2765,3688,949,149,969,2673,32512,,40219,2022,14.59,12.51,2.53,85.01
ZCTA5 40220,34649,39.5,72803,2868,231700,762,352,2563,6382,3446,738,461,1591,29143,,40220,2022,8.28,30.49,1.33,84.11
ZCTA5 40221,0,,,0,,0,0,0,0,0,0,0,0,0,,40221,2022,,,,
ZCTA5 40222,21359,40.9,81902,1462,326600,826,70,1176,5312,2683,396,345,651,17779,,40222,2022,6.84,39.29,1.62,83.24
ZCTA5 40223,23477,43.9,93498,1170,327100,470,89,1195,4907,3162,682,469,791,20798,,40223,2022,4.98,37.27,2.0,88.59
ZCTA5 40228,17808,40.6,74025,1401,210500,181,190,1148,2029,871,151,364,743,15138,,40228,2022,7.87,17.13,2.04,85.01
ZCTA5 40229,39621,35.9,75827,4696,179800,500,512,2633,4177,1586,122,884,1810,33254,,40229,2022,11.85,14.85,2.23,83.93
ZCTA5 40231,0,,,0,,0,0,0,0,0,0,0,0,0,,40231,2022,,,,
ZCTA5 40241,30986,40.7,95309,1637,334400,750,193,1835,7297,3603,768,737,1151,25571,,40241,2022,5.28,37.66,2.38,82.52
ZCTA5 40242,11544,35.9,78994,843,277000,254,157,746,2101,1132,141,285,641,9344,,40242,2022,7.3,29.23,2.47,80.94
ZCTA5 40243,11943,48.1,85716,695,288100,405,22,750,3002,1293,174,396,470,9969,,40243,2022,5.82,37.42,3.32,83.47
ZCTA5 40245,38861,40.2,118333,2240,418000,623,240,1623,9704,4737,789,757,1118,32938,,40245,2022,5.76,39.19,1.95,84.76
ZCTA5 40258,27487,37.6,62948,4139,157800,853,200,2161,1796,671,20,666,2052,24272,,40258,2022,15.06,9.05,2.42,88.3
ZCTA5 40272,38114,38.6,64617,5183,163400,1256,396,2107,3165,1347,283,924,2488,33712,,40272,2022,13.6,12.58,2.42,88.45
ZCTA5 40291,40888,39.7,81059,3476,238600,675,178,3329,5918,2378,309,967,1982,34618,,40291,2022,8.5,21.05,2.36,84.67
ZCTA5 40299,40816,39.8,83783,2042,259400,640,116,2921,7661,3643,304,684,1606,36051,,40299,2022,5.0,28.44,1.68,88.33
ZCTA5 40202,7109,39.9,29382,1955,340000,180,115,278,755,454,220,132,187,4293,,40202,2023,27.5,20.1,1.86,60.39
ZCTA5 40203,17540,34.8,31430,6697,179300,1706,382,1065,1757,748,53,798,2031,13252,,40203,2023,38.18,14.58,4.55,75.55
ZCTA5 40204,14018,38.8,70706,1326,314700,690,48,556,3707,2058,539,402,538,10642,,40204,2023,9.46,44.97,2.87,75.92
ZCTA5 40205,24335,42.5,98990,1400,361900,450,40,1053,5739,3617,511,387,827,21120,,40205,2023,5.75,40.55,1.59,86.79
ZCTA5 40206,20345,38.7,72543,1960,276100,1125,62,933,4605,2414,481,542,662,16628,,40206,2023,9.63,36.86,2.66,81.73
ZCTA5 40207,28633,42.6,98583,1565,401500,839,104,1028,7655,4414,780,450,985,24107,,40207,2023,5.47,44.87,1.57,84.19
ZCTA5 40208,15287,22.5,37714,4540,153100,1151,205,413,1072,889,150,724,806,10330,,40208,2023,29.7,13.81,4.74,67.57
ZCTA5 40209,571,39.0,52697,115,128200,18,14,135,23,0,0,30,0,559,,40209,2023,20.14,4.03,5.25,97.9
ZCTA5 40210,14226,34.0,35841,5206,93400,711,274,829,498,329,13,822,2149,12325,,40210,2023,36.59,5.9,5.78,86.64
ZCTA5 40211,21165,36.9,32598,8339,97900,1605,117,1167,952,394,59,1313,2810,18878,,40211,2023,39.4,6.64,6.2,89.19
ZCTA5 40212,15160,38.5,35389,5258,78100,1035,170,584,766,383,0,674,1473,14100,,40212,2023,34.68,7.58,4.45,93.01
ZCTA5 40213,15805,40.1,60734,2559,169000,627,193,1130,1671,849,115,496,1123,14073,,40213,2023,16.19,16.67,3.14,89.04
ZCTA5 40214,45986,35.6,53563,8503,176700,1977,960,2573,4397,2008,127,963,3097,39464,,40214,2023,18.49,14.2,2.09,85.82
ZCTA5 40215,19444,37.2,42762,5314,106500,877,356,823,1014,601,19,1025,1778,16370,,40215,2023,27.33,8.4,5.27,84.19
ZCTA5 40216,43764,39.2,50211,8425,154500,1509,695,2761,3040,869,58,1302,4003,38048,,40216,2023,19.25,9.06,2.98,86.94
ZCTA5 40217,11831,35.4,68573,1584,220700,628,17,676,2514,1208,349,353,357,9806,,40217,2023,13.39,34.41,2.98,82.88
ZCTA5 40218,33292,33.5,56191,4514,195600,1317,498,1474,4711,1330,61,637,3058,27268,,40218,2023,13.56,18.33,1.91,81.91
ZCTA5 40219,39107,35.0,52271,6746,186000,1633,362,2768,3669,946,130,843,3000,32912,,40219,2023,17.25,12.13,2.16,84.16
ZCTA5 40220,33893,39.2,73502,2914,249700,758,243,2479,6742,3336,639,442,1638,28194,,40220,2023,8.6,31.62,1.3,83.19
ZCTA5 40221,0,,,0,,0,0,0,0,0,0,0,0,0,,40221,2023,,,,
ZCTA5 40222,21634,40.6,81623,1370,347000,820,106,1064,5362,2572,445,365,670,18441,,40222,2023,6.33,38.73,1.69,85.24
ZCTA5 40223,23264,42.3,97033,1414,343600,449,170,1106,4813,3090,706,492,849,20261,,40223,2023,6.08,37.01,2.11,87.09
ZCTA5 40228,18491,39.5,75762,1280,220200,65,211,1059,2755,840,151,342,666,16054,,40228,2023,6.92,20.26,1.85,86.82
ZCTA5 40229,40015,36.3,78877,4981,197300,621,579,2810,4485,1916,133,902,1685,33761,,40229,2023,12.45,16.33,2.25,84.37
ZCTA5 40231,0,,,0,,0,0,0,0,0,0,0,0,0,,40231,2023,,,,
ZCTA5 40241,30910,41.4,95775,1611,349200,676,179,1858,7252,3543,835,635,1046,25619,,40241,2023,5.21,37.63,2.05,82.88
ZCTA5 40242,11099,36.3,79201,876,293200,298,173,687,2118,1190,152,318,609,8930,,40242,2023,7.89,31.17,2.87,80.46
ZCTA5 40243,12049,47.8,75859,879,297900,509,8,802,2972,1217,150,432,599,10105,,40243,2023,7.3,36.01,3.59,83.87
ZCTA5 40245,39261,40.8,120171,2406,432900,673,284,1623,9708,4564,886,560,1113,34080,,40245,2023,6.13,38.61,1.43,86.8
ZCTA5 40258,26590,41.1,66263,4447,173100,925,215,2260,1923,702,45,731,1804,23309,,40258,2023,16.72,10.04,2.75,87.66
ZCTA5 40272,37595,38.8,66382,5500,169700,970,371,2473,2834,1538,197,873,2684,33131,,40272,2023,14.63,12.15,2.32,88.13
ZCTA5 40291,41506,39.2,81576,3565,264700,687,234,3261,5735,2548,258,762,1654,35865,,40291,2023,8.59,20.58,1.84,86.41
ZCTA5 40299,41724,39.7,85419,2356,274900,766,206,2788,7498,3937,325,666,1692,36505,,40299,2023,5.65,28.19,1.6,87.49
